INSERT INTO fuel_type (id, name, price_per_liter) VALUES
('bddbbf17-0575-4aca-a3a4-15fff6d0ba9b', 'Gasolina Comum', 5.890),
('297e4b21-85b8-4704-ab52-2424510bcebc', 'Gasolina Aditivada', 6.090),
('55e0b8a5-2b97-4bac-add9-1760f94a7e86', 'Gasolina Premium', 7.490),
('40b4c533-bcda-4f8a-9b06-260477e2927c', 'Etanol Comum', 3.790),
('24c9a651-1d67-4436-bffc-1d8e2b0823a0', 'Etanol Aditivado', 3.990),
('60fc0851-c451-4dba-ad41-e3f239bd13c0', 'Diesel S10', 5.990),
('b7814c84-91da-4984-85be-95cde1c40e21', 'Diesel S500', 5.850),
('8b6f3c68-d769-4c7e-b399-27f247b78c8c', 'Diesel Aditivado', 6.150),
('97d0b328-fa58-478f-beb4-0d74f1b7794c', 'GNV', 4.690);

INSERT INTO fuel_pump (id, name, fuel_type_id) VALUES
('9b4775ea-8d4d-4248-848a-1c271598b715', 'Bomba 01 - Ilha 1', 'bddbbf17-0575-4aca-a3a4-15fff6d0ba9b'),
('d5f4ca82-a99e-4449-9534-ad0e1f8247eb', 'Bomba 02 - Ilha 1', 'bddbbf17-0575-4aca-a3a4-15fff6d0ba9b'),
('54afb3b7-60ce-472a-9411-44253c6c8b50', 'Bomba 03 - Ilha 1', '297e4b21-85b8-4704-ab52-2424510bcebc'),
('5c4bce7c-61ee-480f-a053-ea4970f8f9da', 'Bomba 04 - Ilha 2', '40b4c533-bcda-4f8a-9b06-260477e2927c'),
('aa7df30f-86f0-48c0-b542-bdba15ee576b', 'Bomba 05 - Ilha 2', '40b4c533-bcda-4f8a-9b06-260477e2927c'),
('fb813b33-92ff-4231-8192-9e6953988aae', 'Bomba 06 - Ilha 2', '24c9a651-1d67-4436-bffc-1d8e2b0823a0'),
('192f44e6-9d4d-4c67-a933-25c5791e0193', 'Bomba 07 - Ilha 2', '55e0b8a5-2b97-4bac-add9-1760f94a7e86'),
('45784e4d-aaa9-464a-8519-f3772185c070', 'Bomba 08 - Ilha 3', '60fc0851-c451-4dba-ad41-e3f239bd13c0'),
('7192981e-3689-4eaf-8ba2-8588c7bd1945', 'Bomba 09 - Ilha 3', '60fc0851-c451-4dba-ad41-e3f239bd13c0'),
('600bdc43-cc9d-4d99-9c8d-40c4678fe77c', 'Bomba 10 - Ilha 3', 'b7814c84-91da-4984-85be-95cde1c40e21'),
('83365ce7-36c3-4240-8eee-1edf6a5bdca6', 'Bomba 11 - Ilha 3', '8b6f3c68-d769-4c7e-b399-27f247b78c8c'),
('b418360a-ed8f-45bb-b2b2-74dbef4c0ef7', 'Bomba 12 - Lateral', '97d0b328-fa58-478f-beb4-0d74f1b7794c'),
('7e0d77ac-a197-4397-a35c-237cd015cd2a', 'Bomba 13 - Ilha 4', 'bddbbf17-0575-4aca-a3a4-15fff6d0ba9b'),
('a1863cf3-9272-4073-b51a-f5937896c28c', 'Bomba 14 - Ilha 4', '60fc0851-c451-4dba-ad41-e3f239bd13c0'),
('be364558-18f1-4d5f-ab49-646909b4f31a', 'Bomba 15 - Reserva Técnica', 'bddbbf17-0575-4aca-a3a4-15fff6d0ba9b');

INSERT INTO supply (id, fuel_pump_id, supply_date, total_price, liters) VALUES
('2aa66354-85bb-4d9c-a184-07c33cea2258', '9b4775ea-8d4d-4248-848a-1c271598b715', CURRENT_TIMESTAMP - INTERVAL '2 hours', 176.70, 30.000),
('a3fbc08b-9e2c-473b-b624-25b8158244e2', 'd5f4ca82-a99e-4449-9534-ad0e1f8247eb', CURRENT_TIMESTAMP - INTERVAL '5 hours', 265.05, 45.000),
('a80276e0-8763-4bfa-8a60-03545f05ab81', '7e0d77ac-a197-4397-a35c-237cd015cd2a', CURRENT_TIMESTAMP - INTERVAL '10 minutes', 209.10, 35.500),
('46faf082-c1d3-42c2-8076-52ff25c4c23f', '9b4775ea-8d4d-4248-848a-1c271598b715', CURRENT_TIMESTAMP - INTERVAL '15 hours', 323.95, 55.000),
('2af0be1b-3407-460b-8a62-7d2b75c64541', 'be364558-18f1-4d5f-ab49-646909b4f31a', CURRENT_TIMESTAMP - INTERVAL '1 day', 88.35, 15.000),
('e5904635-4d6d-4cdc-9e0d-1e2bb23dc0c2', 'd5f4ca82-a99e-4449-9534-ad0e1f8247eb', CURRENT_TIMESTAMP - INTERVAL '12 hours', 129.58, 22.000),
('821aac2c-1725-4d20-aa2d-ddf4894c329c', '5c4bce7c-61ee-480f-a053-ea4970f8f9da', CURRENT_TIMESTAMP - INTERVAL '1 hour', 189.50, 50.000),
('3979f007-d67e-4958-8680-5619bf570287', 'aa7df30f-86f0-48c0-b542-bdba15ee576b', CURRENT_TIMESTAMP - INTERVAL '3 hours', 94.75, 25.000),
('2c0cb8f8-ffbf-4282-8eba-a053d21fb364', '5c4bce7c-61ee-480f-a053-ea4970f8f9da', CURRENT_TIMESTAMP - INTERVAL '1 day', 159.18, 42.000),
('4b1b8eba-8ff3-40c3-b533-4298c800ad88', '45784e4d-aaa9-464a-8519-f3772185c070', CURRENT_TIMESTAMP - INTERVAL '6 hours', 599.00, 100.000),
('d2abb03a-87ca-41e2-a618-9b6459e35744', '7192981e-3689-4eaf-8ba2-8588c7bd1945', CURRENT_TIMESTAMP - INTERVAL '12 hours', 1198.00, 200.000),
('faeca012-ba2d-420e-b642-33f013ac79aa', 'a1863cf3-9272-4073-b51a-f5937896c28c', CURRENT_TIMESTAMP - INTERVAL '2 days', 718.80, 120.000),
('0eb6f45e-bda2-47e7-8eb8-a35fb5cfcab2', '45784e4d-aaa9-464a-8519-f3772185c070', CURRENT_TIMESTAMP - INTERVAL '1 day', 1797.00, 300.000),
('726eeeb2-b4ac-49c2-9a46-466072bb64bb', '54afb3b7-60ce-472a-9411-44253c6c8b50', CURRENT_TIMESTAMP - INTERVAL '4 hours', 121.80, 20.000),
('64f1aef0-e9d6-4526-bbda-6a91db3dc6e4', '192f44e6-9d4d-4c67-a933-25c5791e0193', CURRENT_TIMESTAMP - INTERVAL '8 hours', 299.60, 40.000),
('bcbf039c-94dc-4c2c-a139-03de3d603564', 'b418360a-ed8f-45bb-b2b2-74dbef4c0ef7', CURRENT_TIMESTAMP - INTERVAL '2 hours', 56.28, 12.000),
('ac3a3692-09a9-436a-bdfe-dd4268a41879', '600bdc43-cc9d-4d99-9c8d-40c4678fe77c', CURRENT_TIMESTAMP - INTERVAL '1 day', 877.50, 150.000),
('0d725657-8f06-4a92-8203-28ce48a2ee26', 'fb813b33-92ff-4231-8192-9e6953988aae', CURRENT_TIMESTAMP - INTERVAL '1 day', 119.70, 30.000),
('81c28e58-7906-4d54-aa55-eda62982254d', '83365ce7-36c3-4240-8eee-1edf6a5bdca6', CURRENT_TIMESTAMP - INTERVAL '1 day', 492.00, 80.000),
('4e2094d2-3802-44b0-b429-e9287e22499e', '9b4775ea-8d4d-4248-848a-1c271598b715', CURRENT_TIMESTAMP - INTERVAL '30 minutes', 58.90, 10.000);
